{
    "Attack": {
        "BH": 0.0,
        "BL": 0.18426294820717132,
        "BS": 0.0,
        "FH": 0.0,
        "FL": 0.10881474103585657,
        "FS": 0.0,
        "MH": 0.0,
        "ML": 0.0887699203187251,
        "MS": 0.0,
        "SP": 0.006100597609561753
    },
    "Block": {
        "BH": 0.0,
        "BL": 0.04083665338645418,
        "BS": 0.0,
        "FH": 0.0,
        "FL": 0.023530876494023904,
        "FS": 0.0,
        "MH": 0.0,
        "ML": 0.03374003984063745,
        "MS": 0.0,
        "SP": 0.0022410358565737054
    },
    "Chopping": {
        "BH": 0.0,
        "BL": 0.0,
        "BS": 0.0,
        "FH": 0.0001245019920318725,
        "FL": 0.0001245019920318725,
        "FS": 0.0,
        "MH": 0.0,
        "ML": 0.00049800796812749,
        "MS": 0.0,
        "SP": 0.0
    },
    "Flick": {
        "BH": 0.0,
        "BL": 0.011205179282868526,
        "BS": 0.0,
        "FH": 0.0,
        "FL": 0.01979581673306773,
        "FS": 0.0,
        "MH": 0.0,
        "ML": 0.006100597609561753,
        "MS": 0.0,
        "SP": 0.000249003984063745
    },
    "Lob": {
        "BH": 0.0,
        "BL": 0.00049800796812749,
        "BS": 0.0,
        "FH": 0.0,
        "FL": 0.0001245019920318725,
        "FS": 0.0,
        "MH": 0.0001245019920318725,
        "ML": 0.0,
        "MS": 0.0,
        "SP": 0.0
    },
    "Others": {
        "BH": 0.00149402390438247,
        "BL": 0.004482071713147411,
        "BS": 0.0,
        "FH": 0.00049800796812749,
        "FL": 0.004108565737051793,
        "FS": 0.0,
        "MH": 0.0013695219123505977,
        "ML": 0.004855577689243028,
        "MS": 0.0006225099601593625,
        "SP": 0.0003735059760956175
    },
    "PimpleTech": {
        "BH": 0.00099601593625498,
        "BL": 0.003361553784860558,
        "BS": 0.0,
        "FH": 0.0,
        "FL": 0.00149402390438247,
        "FS": 0.0,
        "MH": 0.000249003984063745,
        "ML": 0.005229083665338645,
        "MS": 0.0008715139442231076,
        "SP": 0.000249003984063745
    },
    "Push": {
        "BH": 0.0031125498007968126,
        "BL": 0.028635458167330676,
        "BS": 0.0,
        "FH": 0.0026145418326693226,
        "FL": 0.01083167330677291,
        "FS": 0.0,
        "MH": 0.004233067729083665,
        "ML": 0.01929780876494024,
        "MS": 0.0,
        "SP": 0.0001245019920318725
    },
    "Short": {
        "BH": 0.007719123505976096,
        "BL": 0.0,
        "BS": 0.0047310756972111555,
        "FH": 0.014566733067729083,
        "FL": 0.0,
        "FS": 0.014193227091633466,
        "MH": 0.03224601593625498,
        "ML": 0.0,
        "MS": 0.03336653386454183,
        "SP": 0.0021165338645418325
    },
    "Slide": {
        "BH": 0.0001245019920318725,
        "BL": 0.006474103585657371,
        "BS": 0.0,
        "FH": 0.000249003984063745,
        "FL": 0.002863545816733068,
        "FS": 0.0,
        "MH": 0.0,
        "ML": 0.0034860557768924302,
        "MS": 0.0,
        "SP": 0.00049800796812749
    },
    "Smash": {
        "BH": 0.0,
        "BL": 0.00249003984063745,
        "BS": 0.0,
        "FH": 0.0,
        "FL": 0.005478087649402391,
        "FS": 0.0,
        "MH": 0.0,
        "ML": 0.0013695219123505977,
        "MS": 0.0,
        "SP": 0.0
    },
    "Topspin": {
        "BH": 0.0,
        "BL": 0.08515936254980079,
        "BS": 0.0,
        "FH": 0.0,
        "FL": 0.06399402390438247,
        "FS": 0.0,
        "MH": 0.0,
        "ML": 0.07358067729083666,
        "MS": 0.0,
        "SP": 0.0021165338645418325
    },
    "Twist": {
        "BH": 0.0,
        "BL": 0.006598605577689243,
        "BS": 0.0,
        "FH": 0.0,
        "FL": 0.0008715139442231076,
        "FS": 0.0,
        "MH": 0.0,
        "ML": 0.009088645418326694,
        "MS": 0.0,
        "SP": 0.0003735059760956175
    }
}