{
    "Topspin": {
        "FL": 0.1355764473033152,
        "FH": 0.0,
        "FS": 0.0,
        "ML": 0.20212765957446807,
        "MH": 0.0,
        "SP": 0.005195447798119743,
        "MS": 0.0,
        "BL": 0.2872340425531915,
        "BH": 0.0,
        "BS": 0.0
    },
    "Attack": {
        "FL": 0.0017318159327065809,
        "FH": 0.0,
        "FS": 0.0,
        "ML": 0.0034636318654131617,
        "MH": 0.0,
        "SP": 0.0,
        "MS": 0.0,
        "BL": 0.0012370113805047005,
        "BH": 0.0,
        "BS": 0.0
    },
    "Smash": {
        "FL": 0.0012370113805047005,
        "FH": 0.0,
        "FS": 0.0,
        "ML": 0.00024740227610094015,
        "MH": 0.0,
        "SP": 0.0,
        "MS": 0.0,
        "BL": 0.005195447798119743,
        "BH": 0.0,
        "BS": 0.0
    },
    "Flick": {
        "FL": 0.0034636318654131617,
        "FH": 0.0,
        "FS": 0.0,
        "ML": 0.002226620484908461,
        "MH": 0.0,
        "SP": 0.0004948045522018803,
        "MS": 0.0,
        "BL": 0.004453240969816922,
        "BH": 0.0,
        "BS": 0.0
    },
    "Twist": {
        "FL": 0.017812963879267688,
        "FH": 0.0,
        "FS": 0.0,
        "ML": 0.01830776843146957,
        "MH": 0.0,
        "SP": 0.0017318159327065809,
        "MS": 0.0,
        "BL": 0.045769421078673926,
        "BH": 0.0,
        "BS": 0.0
    },
    "Block": {
        "FL": 0.006679861454725384,
        "FH": 0.0,
        "FS": 0.0,
        "ML": 0.027461652647204356,
        "MH": 0.0,
        "SP": 0.002226620484908461,
        "MS": 0.0,
        "BL": 0.02375061850569025,
        "BH": 0.0,
        "BS": 0.0
    },
    "Lob": {
        "FL": 0.0007422068283028204,
        "FH": 0.0004948045522018803,
        "FS": 0.0,
        "ML": 0.0,
        "MH": 0.0007422068283028204,
        "SP": 0.0,
        "MS": 0.0,
        "BL": 0.00024740227610094015,
        "BH": 0.00024740227610094015,
        "BS": 0.0
    },
    "Chopping": {
        "FL": 0.0,
        "FH": 0.0,
        "FS": 0.0,
        "ML": 0.0,
        "MH": 0.0,
        "SP": 0.0,
        "MS": 0.0,
        "BL": 0.0,
        "BH": 0.0,
        "BS": 0.0
    },
    "Push": {
        "FL": 0.014101929737753587,
        "FH": 0.0009896091044037606,
        "FS": 0.0,
        "ML": 0.025977238990598714,
        "MH": 0.007422068283028204,
        "SP": 0.0009896091044037606,
        "MS": 0.0,
        "BL": 0.03908955962394854,
        "BH": 0.003711034141514102,
        "BS": 0.0
    },
    "Short": {
        "FL": 0.0,
        "FH": 0.01707075705096487,
        "FS": 0.010390895596239486,
        "ML": 0.0,
        "MH": 0.034636318654131616,
        "SP": 0.002474022761009401,
        "MS": 0.034388916378030675,
        "BL": 0.0,
        "BH": 0.0054428500742206825,
        "BS": 0.00024740227610094015
    },
    "Slide": {
        "FL": 0.0,
        "FH": 0.0,
        "FS": 0.0,
        "ML": 0.0,
        "MH": 0.0,
        "SP": 0.0,
        "MS": 0.0,
        "BL": 0.0007422068283028204,
        "BH": 0.0,
        "BS": 0.0
    },
    "PimpleTech": {
        "FL": 0.0,
        "FH": 0.0,
        "FS": 0.0,
        "ML": 0.0,
        "MH": 0.0,
        "SP": 0.0,
        "MS": 0.0,
        "BL": 0.0,
        "BH": 0.0,
        "BS": 0.0
    },
    "Others": {
        "FL": 0.00024740227610094015,
        "FH": 0.0004948045522018803,
        "FS": 0.0,
        "ML": 0.0009896091044037606,
        "MH": 0.00024740227610094015,
        "SP": 0.0,
        "MS": 0.0,
        "BL": 0.00024740227610094015,
        "BH": 0.0,
        "BS": 0.0
    }
}